scorer,Luka,Luka,Luka,Luka,Luka,Luka,Luka,Luka,Luka,Luka,Luka,Luka,Luka,Luka,Luka,Luka,Luka,Luka
bodyparts,L1,L1,L2,L2,L3,L3,L4,L4,M5,M5,M6,M6,M7,M7,M8,M8,T9,T9
coords,x,y,x,y,x,y,x,y,x,y,x,y,x,y,x,y,x,y
labeled-data\cone camera 1_2021-11-04-093606-0000\img192.png,632.8487857434048,558.5225380001165,,,,,495.6872925280999,562.995195387572,598.5584124395785,454.1605322928192,,,,,522.5232368528335,455.6514180886377,559.7953817482968,328.92612544406256
