scorer,Luka,Luka,Luka,Luka,Luka,Luka,Luka,Luka,Luka,Luka,Luka,Luka,Luka,Luka,Luka,Luka,Luka,Luka
bodyparts,L1,L1,L2,L2,L3,L3,L4,L4,M5,M5,M6,M6,M7,M7,M8,M8,T9,T9
coords,x,y,x,y,x,y,x,y,x,y,x,y,x,y,x,y,x,y
labeled-data\cone camera 3_2021-11-04-093737-0000\img114.png,625.3943567643122,536.1592510628385,762.5558499796172,527.2139362879271,,,,,649.2485294974086,427.32458796808567,723.7928192883354,419.870158988993,,,,,680.557131209598,296.12663793605486
