scorer,Luka,Luka,Luka,Luka,Luka,Luka,Luka,Luka,Luka,Luka,Luka,Luka,Luka,Luka,Luka,Luka,Luka,Luka
bodyparts,L1,L1,L2,L2,L3,L3,L4,L4,M5,M5,M6,M6,M7,M7,M8,M8,T9,T9
coords,x,y,x,y,x,y,x,y,x,y,x,y,x,y,x,y,x,y
labeled-data\cone camera 2_2021-11-04-093651-0000\img133.png,,,614.9581561935826,600.2673402830353,752.1196494088873,591.3220255081242,,,,,644.7758721099532,491.43267718828247,719.3201619008797,483.9782482091898,,,677.5753596179608,366.19827033952583
