scorer,Luka,Luka,Luka,Luka,Luka,Luka,Luka,Luka,Luka,Luka,Luka,Luka,Luka,Luka,Luka,Luka,Luka,Luka
bodyparts,L1,L1,L2,L2,L3,L3,L4,L4,M5,M5,M6,M6,M7,M7,M8,M8,T9,T9
coords,x,y,x,y,x,y,x,y,x,y,x,y,x,y,x,y,x,y
labeled-data\cone camera 4_2021-11-04-093825-0000\img144.png,,,,,540.4138664026558,631.5759419952245,679.0662454137795,628.5941704035874,,,,,570.2315823190266,524.2321646962902,644.7758721099532,522.7412789004717,604.5219556228527,401.9795294391706
