scorer,Luka,Luka,Luka,Luka,Luka,Luka,Luka,Luka,Luka,Luka,Luka,Luka,Luka,Luka,Luka,Luka,Luka,Luka,Luka,Luka,Luka,Luka,Luka,Luka,Luka,Luka,Luka,Luka
bodyparts,B_1,B_1,B_2,B_2,B_3,B_3,B_4,B_4,B_5,B_5,B_6,B_6,M_1,M_1,M_2,M_2,T_1,T_1,T_2,T_2,T_3,T_3,T_4,T_4,T_5,T_5,T_6,T_6
coords,x,y,x,y,x,y,x,y,x,y,x,y,x,y,x,y,x,y,x,y,x,y,x,y,x,y,x,y
labeled-data\Camera_4_trial_2_2021-11-10-110801-0000\img01500.png,703.8010031543948,625.6156611441075,,,,,537.9309869561511,548.5006536133451,577.2159907925771,602.3356588706698,638.3259967603514,631.435661712467,699.4360027281253,541.2256529028958,,,696.5260024439455,435.0106425303362,626.6859956236325,381.1756372730115,562.6659893716786,331.70563244195625,567.0309897979483,384.08563755719115,591.7659922134759,411.7306402568985,628.1409957657223,429.1906419619768
