scorer,Luka,Luka,Luka,Luka,Luka,Luka,Luka,Luka,Luka,Luka,Luka,Luka,Luka,Luka,Luka,Luka,Luka,Luka,Luka,Luka,Luka,Luka,Luka,Luka,Luka,Luka,Luka,Luka
bodyparts,B_1,B_1,B_2,B_2,B_3,B_3,B_4,B_4,B_5,B_5,B_6,B_6,M_1,M_1,M_2,M_2,T_1,T_1,T_2,T_2,T_3,T_3,T_4,T_4,T_5,T_5,T_6,T_6
coords,x,y,x,y,x,y,x,y,x,y,x,y,x,y,x,y,x,y,x,y,x,y,x,y,x,y,x,y
labeled-data\Camera_1_trial_2_2021-11-10-110746-0000\img01500.png,494.28098269345526,584.8756571655915,575.7609906504873,513.5806502031885,647.0559976128903,448.1056438091449,,,,,,,501.55598340390463,494.66564835602037,642.6909971866208,373.9006365625621,508.830984114354,395.72563869391,577.2159907925771,338.98063315240563,633.9609963340816,289.5106283213504,513.1959845406235,338.98063315240563,540.8409872403307,308.4256301685185,574.3059905083975,289.5106283213504
