scorer,Luka,Luka,Luka,Luka,Luka,Luka,Luka,Luka,Luka,Luka,Luka,Luka,Luka,Luka,Luka,Luka,Luka,Luka,Luka,Luka,Luka,Luka,Luka,Luka,Luka,Luka,Luka,Luka
bodyparts,B_1,B_1,B_2,B_2,B_3,B_3,B_4,B_4,B_5,B_5,B_6,B_6,M_1,M_1,M_2,M_2,T_1,T_1,T_2,T_2,T_3,T_3,T_4,T_4,T_5,T_5,T_6,T_6
coords,x,y,x,y,x,y,x,y,x,y,x,y,x,y,x,y,x,y,x,y,x,y,x,y,x,y,x,y
labeled-data\Camera_3_trial_2_2021-11-09-143329-0000\img00000.png,598.3733871991202,416.04824654173194,663.350755108084,475.6108337916156,761.8997631033461,539.5052455687635,,,,,,,598.3733871991202,341.3242734464234,748.9042895215533,451.7857988916621,601.6222555945684,253.6048267693219,666.5996235035324,299.0889843055967,733.7429036761285,346.73905410550367,721.8303862261517,291.5082913828843,696.9223951943821,267.6832564829308,667.6825796353484,252.5218706375059
