scorer,Luka,Luka,Luka,Luka,Luka,Luka,Luka,Luka,Luka,Luka,Luka,Luka,Luka,Luka,Luka,Luka,Luka,Luka,Luka,Luka,Luka,Luka,Luka,Luka,Luka,Luka,Luka,Luka
bodyparts,B_1,B_1,B_2,B_2,B_3,B_3,B_4,B_4,B_5,B_5,B_6,B_6,M_1,M_1,M_2,M_2,T_1,T_1,T_2,T_2,T_3,T_3,T_4,T_4,T_5,T_5,T_6,T_6
coords,x,y,x,y,x,y,x,y,x,y,x,y,x,y,x,y,x,y,x,y,x,y,x,y,x,y,x,y
labeled-data\Camera_2_trial_2_2021-11-10-110750-0000\img01500.png,,,,,600.2285169919902,592.4468854498795,661.6059990337889,593.6056580181306,718.3510045752934,557.2306544658842,748.9060075591805,504.8506493506493,,,597.5859927818352,504.8506493506493,713.9860041490239,285.1456278950808,660.150998891699,341.8906334365853,600.4959930660149,400.0906391201796,665.9709994600586,386.9956378413709,697.9810025860355,366.62563585211285,721.261004859473,336.07063286822586
